{
    "lift_max": 2.1489770984452417,
    "lift_min": 2.1357805116329276,
    "lift_std": 0.005723727578479399,
    "lift_mean": 2.1427276033313367,
    "precision_at_k_max": 0.8375259267138223,
    "precision_at_k_min": 0.8331915119927671,
    "precision_at_k_std": 0.0020943796889786623,
    "precision_at_k_mean": 0.835558155613466,
    "recall_at_k_max": 1.0,
    "recall_at_k_min": 1.0,
    "recall_at_k_std": 0.0,
    "recall_at_k_mean": 1.0
}