{
    "lift_max": 2.1505471897179307,
    "lift_min": 2.1383669439424997,
    "lift_std": 0.005093759905144943,
    "lift_mean": 2.145029726481869,
    "precision_at_k_max": 0.8380311652395894,
    "precision_at_k_min": 0.8346540445673563,
    "precision_at_k_std": 0.0016701742169299028,
    "precision_at_k_mean": 0.8364556187842366,
    "recall_at_k_max": 1.0,
    "recall_at_k_min": 1.0,
    "recall_at_k_std": 0.0,
    "recall_at_k_mean": 1.0
}