metric,value
lift_max,2.08289673531643
lift_min,2.063829491305396
lift_std,0.007849081071864128
lift_mean,2.0728603345467613
precision_at_k_max,0.8113598893793543
precision_at_k_min,0.8032494814657235
precision_at_k_std,0.0035574685221061186
precision_at_k_mean,0.8083151624740732
recall_at_k_max,1.0
recall_at_k_min,1.0
recall_at_k_std,0.0
recall_at_k_mean,1.0
